 NOME;IDADE;ENDEREÃ‡O;SEXO;EMAIL;
 jgVjBVFVVKui;43;Rua ioMdZJPBgdMUzWsDg;?;SCUVGmVBRpREfAMIleo@4linux.com;
 jgVjBVFVVKui;43;Rua ioMdZJPBgdMUzWsDg;?;SCUVGmVBRpREfAMIleo@4linux.com;
 jgVjBVFVVKui;43;Rua ioMdZJPBgdMUzWsDg;?;SCUVGmVBRpREfAMIleo@4linux.com;
 jgVjBVFVVKui;43;Rua ioMdZJPBgdMUzWsDg;?;SCUVGmVBRpREfAMIleo@4linux.com;
 jgVjBVFVVKui;43;Rua ioMdZJPBgdMUzWsDg;?;SCUVGmVBRpREfAMIleo@4linux.com;
 jgVjBVFVVKui;43;Rua ioMdZJPBgdMUzWsDg;?;SCUVGmVBRpREfAMIleo@4linux.com;
 jgVjBVFVVKui;43;Rua ioMdZJPBgdMUzWsDg;?;SCUVGmVBRpREfAMIleo@4linux.com;
 jgVjBVFVVKui;43;Rua ioMdZJPBgdMUzWsDg;?;SCUVGmVBRpREfAMIleo@4linux.com;
 jgVjBVFVVKui;43;Rua ioMdZJPBgdMUzWsDg;?;SCUVGmVBRpREfAMIleo@4linux.com;
 jgVjBVFVVKui;43;Rua ioMdZJPBgdMUzWsDg;?;SCUVGmVBRpREfAMIleo@4linux.com;
 jgVjBVFVVKui;43;Rua ioMdZJPBgdMUzWsDg;?;SCUVGmVBRpREfAMIleo@4linux.com;
 jgVjBVFVVKui;43;Rua ioMdZJPBgdMUzWsDg;?;SCUVGmVBRpREfAMIleo@4linux.com;
 jgVjBVFVVKui;43;Rua ioMdZJPBgdMUzWsDg;?;SCUVGmVBRpREfAMIleo@4linux.com;
 jgVjBVFVVKui;43;Rua ioMdZJPBgdMUzWsDg;?;SCUVGmVBRpREfAMIleo@4linux.com;
 jgVjBVFVVKui;43;Rua ioMdZJPBgdMUzWsDg;?;SCUVGmVBRpREfAMIleo@4linux.com;
 jgVjBVFVVKui;43;Rua ioMdZJPBgdMUzWsDg;?;SCUVGmVBRpREfAMIleo@4linux.com;
